Base\Фактор\Конструкційні елементи\Опорні поверхні\Конічні;isCause;Base\Фактор\Напруження\Згину\Зменшення
Base\Фактор\Покриття\Цинкове;isCause;Base\Фактор\Тертя\Зміна коефіцієнта тертя під час повторних згвинчуваннях\Збільшується
Base\Фактор\Пошкодження\Знос\Зменшення;Not;Base\Фактор\Пошкодження\Знос
Base\Фактор\Геометричні параметри\Розмір\Типорозмір різьби\Великий;isCause;Base\Фактор\Масштабний фактор\Великі розміри
Base\Фактор\Матеріал\Високоміцні сталі болтів\Спеціальна термічна обробка високоміцних болтів з легованних сталей;isCause;Base\Фактор\Міцність
Base\Фактор\Матеріал\Структура матеріалу\Покращення;isCause;Base\Фактор\Міцність\За циклічного навантаження\Висока
Base\Фактор\Пошкодження\Знос\Ерозійний;SubClassOf;Base\Фактор\Пошкодження\Знос
Base\Фактор\Геометричні параметри\Допуск розміру\Малий;Not;Base\Фактор\Геометричні параметри\Допуск розміру\Великий
Base\Фактор\Геометричні параметри\Розмір\Товщина гайки\Велика;isCause;Base\Фактор\Міцність
Base\Фактор\Матеріал\Високоміцні сталі болтів\Границя міцності\1800-2100;isCause;Base\Фактор\Міцність\За зрізуючого навантаження
Base\Фактор\Пошкодження\Залишкова деформація\Деформація тіла гайки;SubClassOf;Base\Фактор\Пошкодження\Залишкова деформація
Base\Фактор\Складання\Селекційне складання;isCause;Base\Фактор\Геометричні параметри\Посадка\З зазором\Зменшення діаметральних зазорів
Base\Фактор\Деталі\Компенсатори температурних деформацій;isCause;Base\Фактор\Навантаження\Температурне\Зменшення
Base\Фактор\Матеріал\Технологічні дефекти матеріалів;isCause;Base\Фактор\Матеріал\Крихкість
Base\Фактор\Міцність\За статичного навантаження\Низька;isCause;Base\Фактор\Пошкодження\Залишкова деформація
Base\Фактор\Геометричні параметри\Розмір\Перекриття витків\Мале;Not;Base\Фактор\Геометричні параметри\Розмір\Перекриття витків\Велике
Base\Фактор\Матеріал\Титанові сплави;isCause;Base\Фактор\Температура\Робоча температура\Максимальна\350-550
Base\Фактор\Жорсткість\З'єднуваних деталей\Мала;isCause;Base\Фактор\Пошкодження\Самовідгвинчування
Base\Фактор\Технологія\Технологічні дефекти;isCause;Base\Фактор\Пошкодження\Крихкий злам\Уповільнене крихке руйнування
Base\Фактор\Тертя\На упорному бурті\Велике;Not;Base\Фактор\Тертя\На упорному бурті\Мале
Base\Фактор\Покриття\Мідне;isCause;Base\Фактор\Тертя\Зміна коефіцієнта тертя під час повторних згвинчуваннях\Збільшується
Base\Фактор\Загальні напрямки підвищення надійності\Вибір оптимальної технології;isCause;Base\Фактор\Геометричні параметри\Шорсткість\Низька
Base\Фактор\Пошкодження\Корозійне розтріскування;isCause;Base\Фактор\Пошкодження\Крихкий злам
Base\Фактор\Матеріал\Титанові сплави;isCause;Base\Фактор\Міцність
Base\Фактор\Пошкодження\Знос\Абразивний;SubClassOf;Base\Фактор\Пошкодження\Знос
Base\Фактор\Геометричні параметри\Розмір\Товщина гайки\Велика;Not;Base\Фактор\Геометричні параметри\Розмір\Товщина гайки\Мала
Base\Фактор\Покриття\Олов'яне;isCause;Base\Фактор\Температура\Робоча температура\Максимальна\150
Base\Фактор\Геометричні параметри\Допуск форми\Перекос осей;Not;Base\Фактор\Геометричні параметри\Допуск форми\Перекос осей\Малий
Base\Фактор\Покриття\Оксидне з кислих розчинів;isCause;Base\Фактор\Температура\Робоча температура\Максимальна\200
Base\Фактор\Пошкодження\Самовідгвинчування;isCause;Base\Фактор\Пошкодження\Залишкова деформація\Зріз витків
Base\Фактор\Конструкційні елементи\Різьба\Форма профілю\Спеціальна;isCause;Base\Фактор\Міцність\За циклічного навантаження\Висока
Base\Фактор\Матеріал\Бериллієві сплави;isCause;Base\Фактор\Матеріал\Токсичність
Base\Фактор\Пошкодження\Знос\Фретинговий;SubClassOf;Base\Фактор\Пошкодження\Знос
Base\Фактор\Матеріал\Бериллієві сплави;isCause;Base\Фактор\Технологія\Метод виготовлення\Накатування
Base\Фактор\Конструкційні елементи\Різьба\Крок\Змінний крок;isCause;Base\Фактор\Міцність\За циклічного навантаження\Висока
Base\Фактор\Складання\Попереднє пластичне деформування перших витків;isCause;Base\Фактор\Концентрація напружень\Нерівномірне навантаження по виткам різьби\Низьке
Base\Фактор\Матеріал\Титанові сплави;isCause;Base\Фактор\Тертя\На упорному бурті\Велике
Base\Фактор\Деталі\Захисний ковпачок;isCause;Base\Фактор\Пошкодження при транспортуванні\Зменшення
Base\Фактор\Середовище\Інгібіторний захист;isCause;Base\Фактор\Пошкодження\Корозійна\Низька
Base\Фактор\Матеріал\Бесемерівська сталь;isCause;Base\Фактор\Матеріал\Наявність фосфору
Base\Фактор\Матеріал\Титанові сплави;isCause;Base\Фактор\Пошкодження\Залишкова деформація\Зріз витків\Зменшення
Base\Фактор\Матеріал\Високоміцні сталі болтів\Сталь1Х15Н4АМ3-Ш;SubClassOf;Base\Фактор\Матеріал\Високоміцні сталі болтів
Base\Фактор\Міцність\За статичного навантаження\Низька;isCause;Base\Фактор\Пошкодження\Крихкий злам
Base\Фактор\Конструкційні елементи\Різьба\Форма профілю\Прямокутна;isCause;Base\Фактор\Концентрація напружень\Нерівномірне навантаження по виткам різьби
Base\Фактор\Конструкційні елементи\Різьба\Форма профілю\Кругла;isCause;Base\Фактор\Міцність\За циклічного навантаження\Висока
Base\Фактор\Матеріал\Коефіцієнт лінійного розширення\Гайки\Великий;isCause;Base\Фактор\Пошкодження\Заїдання\Зменшення
Base\Фактор\Матеріал\Високоміцні сталі болтів\Границя міцності\1100-1400;isCause;Base\Фактор\Міцність\За циклічного навантаження\Висока
Base\Фактор\Пошкодження\Корозійна;SubClassOf;Base\Фактор\Пошкодження
Base\Фактор\Пошкодження\Розгерметизація\Запобігання;Not;Base\Фактор\Пошкодження\Розгерметизація
Base\Фактор\Матеріал\Пластмасси;isCause;Base\Фактор\Пошкодження\Розгерметизація\Запобігання
Base\Фактор\Матеріал\Матеріали з метастабільною структурою і малою пластичністю;isCause;Base\Фактор\Пошкодження\Крихкий злам\Уповільнене крихке руйнування
Base\Фактор\Покриття\Фосфатне;isCause;Base\Фактор\Температура\Робоча температура\Максимальна\200
Base\Фактор\Пошкодження\Крихкий злам\Уповільнене крихке руйнування;SubClassOf;Base\Фактор\Пошкодження\Крихкий злам
Base\Фактор\Матеріал\Ніобій;isCause;Base\Фактор\Матеріал\Холодноламкість\Низька
Base\Фактор\Матеріал\Співвідношення матеріалів\Різні механічні властивості болта і гайки;isCause;Base\Фактор\Пошкодження\Залишкова деформація\Зріз витків
Base\Фактор\Матеріал\Вуглець у поверхневих шарах\Оптимальний;isCause;Base\Фактор\Міцність\За циклічного навантаження\Висока
Base\Фактор\Пошкодження\Втомна тріщина;SubClassOf;Base\Фактор\Пошкодження
Base\Фактор\Стопоріння\Фрикційне;SubClassOf;Base\Фактор\Стопоріння
Base\Фактор\Пошкодження\Заїдання;isCause;Base\Фактор\Напруження\Кручення
Base\Фактор\Покриття\Кадмієве з хроматуванням;isCause;Base\Фактор\Покриття\Електрохімічна обробка
Base\Фактор\Покриття\Цинкове;isCause;Base\Фактор\Температура\Робоча температура\Максимальна\200
Base\Фактор\Загальні напрямки підвищення надійності\Центрування різьби запобігання згину;isCause;Base\Фактор\Напруження\Згину\Зменшення
Base\Фактор\Матеріал\Високоміцні сталі болтів\Сталь07Х16Н6;isCause;Base\Фактор\Матеріал\Холодноламкість\Низька
Base\Фактор\Пошкодження\Залишкова деформація\Зріз витків;Not;Base\Фактор\Пошкодження\Залишкова деформація\Зріз витків\Зменшення
Base\Фактор\Конструкційні елементи\Різьба\Характер поверхні\Конічна;isCause;Base\Фактор\Герметичність
Base\Фактор\Міцність\За зрізуючого навантаження;SubClassOf;Base\Фактор\Міцність
Base\Фактор\Геометричні параметри\Шорсткість\Висока;isCause;Base\Фактор\Пошкодження\Заїдання
Base\Фактор\Матеріал\Вуглець у поверхневих шарах;Not;Base\Фактор\Матеріал\Вуглець у поверхневих шарах\Зменшення
Base\Фактор\Геометричні параметри\Розмір\Діаметр різьби\Великий\З концентратором напружень;isCause;Base\Фактор\Міцність\За циклічного навантаження\Низька
Base\Фактор\Геометричні параметри\Посадка\З натягом;isCause;Base\Фактор\Пошкодження\Заїдання
Base\Фактор\Загальні напрямки підвищення надійності\Зменшення концентрації напружень;isCause;Base\Фактор\Концентрація напружень\Низька
Base\Фактор\Геометричні параметри\Посадка\З зазором\Зменшення діаметральних зазорів;isCause;Base\Фактор\Пошкодження\Заїдання
Base\Фактор\Технологія\Технологічні дефекти;isCause;Base\Фактор\Міцність\За статичного навантаження\Низька
Base\Фактор\Пошкодження\Знос;SubClassOf;Base\Фактор\Пошкодження
Base\Фактор\Напруження\Зрізу;Not;Base\Фактор\Напруження\Зрізу\Зменшення
Base\Фактор\Конструкційні елементи\Розташування різьбової частини болта\Вільні витки болта;isCause;Base\Фактор\Концентрація напружень\Нерівномірне навантаження по виткам різьби\Низьке
Base\Фактор\Покриття\Оксидне;isCause;Base\Фактор\Тертя\Зміна коефіцієнта тертя під час повторних згвинчуваннях\Збільшується
Base\Фактор\Навантаження\Крутне\Розгвинчування;isCause;Base\Фактор\Пошкодження\Самовідгвинчування
Base\Фактор\Складання\Очищення різьби;isCause;Base\Фактор\Згвинчуваність\Добра
Base\Фактор\Жорсткість\З'єднуваних деталей\Мала;isCause;Base\Фактор\Міцність\За циклічного навантаження\Низька
Base\Фактор\Температура\Робоча температура\Висока;isCause;Base\Фактор\Матеріал\Повзучість
Base\Фактор\Герметичність;Not;Base\Фактор\Герметичність\Низька
Base\Фактор\Геометричні параметри\Розмір\Типорозмір різьби\Великий;isCause;Base\Фактор\Маса\Велика
Base\Фактор\Матеріал\Термообробка\Гартування;SubClassOf;Base\Фактор\Матеріал\Термообробка
Base\Фактор\Тертя\На різьбі\Велике;isCause;Base\Фактор\Пошкодження\Заїдання
Base\Фактор\Покриття\Оксидне;isCause;Base\Фактор\Залишкові напруження\Стиску
Base\Фактор\Матеріал\Термообробка\Хіміко-термічна обробка;isCause;Base\Фактор\Міцність\За циклічного навантаження\Висока
Base\Фактор\Технологія\Метод виготовлення\Накатування\Стійкість інструмента\Низька;Not;Base\Фактор\Технологія\Метод виготовлення\Накатування\Стійкість інструмента
Base\Фактор\Матеріал\Високоміцні сталі болтів;isCause;Base\Фактор\Пошкодження\Самовідгвинчування\Зменшення
Base\Фактор\Навантаження\Крутне\Догвинчування;SubClassOf;Base\Фактор\Навантаження\Крутне
Base\Фактор\Складання\Часте згвинчування розгвинчування;isCause;Base\Фактор\Пошкодження\Знос
Base\Фактор\Концентрація напружень\Нерівномірне навантаження по виткам різьби;Not;Base\Фактор\Концентрація напружень\Нерівномірне навантаження по виткам різьби\Низьке
Base\Фактор\Міцність\За статичного навантаження;SubClassOf;Base\Фактор\Міцність
Base\Фактор\Пошкодження\Заїдання;SubClassOf;Base\Фактор\Пошкодження
Base\Фактор\Деталі\Протектори;isCause;Base\Фактор\Пошкодження\Знос\Зменшення
Base\Фактор\Геометричні параметри\Розмір\Перекриття витків\Мале;isCause;Base\Фактор\Пошкодження\Залишкова деформація\Зріз витків
Base\Фактор\Матеріал\Повзучість;isCause;Base\Фактор\Пошкодження\Самовідгвинчування
Base\Фактор\Пошкодження\Втомна тріщина\В останньому витку муфти;SubClassOf;Base\Фактор\Пошкодження\Втомна тріщина
Base\Фактор\Тертя\На упорному бурті\Велике;isCause;Base\Фактор\Згвинчуваність\Погана
Base\Фактор\Загальні напрямки підвищення надійності\Підбір матеріалів і термообробки;isCause;Base\Фактор\Пошкодження\Корозійна\Низька
Base\Фактор\Геометричні параметри\Допуск форми\Перекос опорних поверхонь\Зменшення;Not;Base\Фактор\Геометричні параметри\Допуск форми\Перекос опорних поверхонь
Base\Фактор\Геометричні параметри\Розмір\Довжина згвинчування\Мала;isCause;Base\Фактор\Пошкодження\Залишкова деформація\Зріз витків
Base\Фактор\Покриття\Кадмієве з хроматуванням;isCause;Base\Фактор\Тертя\На різьбі\Мале
Base\Фактор\Геометричні параметри\Допуск форми\Чутливість до перекосу;isCause;Base\Фактор\Міцність\За статичного навантаження\Низька
Base\Фактор\Загальні напрямки підвищення надійності\Запобігання заїдань;isCause;Base\Фактор\Пошкодження\Заїдання\Зменшення
Base\Фактор\Матеріал\Високоміцні сталі болтів\Кадміювання;isCause;Base\Фактор\Міцність
Base\Фактор\Матеріал\Жароміцні сплави\Висока робоча температура;isCause;Base\Фактор\Пошкодження\Заїдання
Base\Фактор\Матеріал\Високоміцні сталі болтів\Сталь07Х16Н6;SubClassOf;Base\Фактор\Матеріал\Високоміцні сталі болтів
Base\Фактор\Середовище\Корозійне;Not;Base\Фактор\Середовище\Корозійне\Захист
Base\Фактор\Складання\Момент згвинчування\Неоптимальний\Великий;Not;Base\Фактор\Складання\Момент згвинчування\Неоптимальний\Малий
Base\Фактор\Пошкодження\Залишкова деформація;isCause;Base\Фактор\Пошкодження\Заїдання
Base\Фактор\Матеріал\Пластичність\Низька;Not;Base\Фактор\Матеріал\Пластичність\Висока
Base\Фактор\Матеріал\Термообробка\Відпуск\Збільшення температури відпуску;isCause;Base\Фактор\Геометричні параметри\Допуск форми\Нечутливість до перекосу
Base\Фактор\Матеріал\Вуглець фосфор азот на границях зерен;isCause;Base\Фактор\Пошкодження\Корозійне розтріскування
Base\Фактор\Матеріал\Високоміцні сталі болтів\Зниження водневої крихкості;isCause;Base\Фактор\Міцність
Base\Фактор\Матеріал\Високоміцні сталі болтів\Накатування;isCause;Base\Фактор\Міцність\За циклічного навантаження\Висока
Base\Фактор\Загальні напрямки підвищення надійності\Вибір оптимальної технології;isCause;Base\Фактор\Залишкові напруження\Стиску
Base\Фактор\Конструкційні елементи\Різьба\Збіг;isCause;Base\Фактор\Міцність\За статичного навантаження\Висока
Base\Фактор\Матеріал\Високоміцні сталі болтів\Сталь07Х16Н6\Обробка холодом;isCause;Base\Фактор\Матеріал\Чутливість до концентрації напружень\Низька
Base\Фактор\Конструкційні елементи\Різьба\Податливі витки\Перші витки гайки;isCause;Base\Фактор\Концентрація напружень\Нерівномірне навантаження по виткам різьби\Низьке
Base\Фактор\Масштабний фактор\Великі розміри;isCause;Base\Фактор\Міцність\За циклічного навантаження\Низька
Base\Фактор\Напруження\Згину\Зменшення;Not;Base\Фактор\Напруження\Згину
Base\Фактор\Пошкодження\Знос\Адгезійний;SubClassOf;Base\Фактор\Пошкодження\Знос
Base\Фактор\Матеріал\Титанові сплави;isCause;Base\Фактор\Матеріал\Пластичність\Низька
Base\Фактор\Концентрація напружень\Під головкою болта;isCause;Base\Фактор\Пошкодження\Втомна тріщина\Під головкою болта
Base\Фактор\Матеріал\Титанові сплави;isCause;Base\Фактор\Залишкові напруження\Розтягу\Чутливість
Base\Фактор\Пошкодження\Залишкова деформація;SubClassOf;Base\Фактор\Пошкодження
Base\Фактор\Міцність\За циклічного навантаження;SubClassOf;Base\Фактор\Міцність
Base\Фактор\Конструкційні елементи\Різьба\Напрям гвинтової лінії\Ліва;Not;Base\Фактор\Конструкційні елементи\Різьба\Напрям гвинтової лінії\Права
Base\Фактор\Деталі\Сферична шайба;isCause;Base\Фактор\Напруження\Згину\Зменшення
Base\Фактор\Жорсткість\Болта;Not;Base\Фактор\Жорсткість\Болта\Мала
Base\Фактор\Конструкційні елементи\Різьба\Обтиск останніх витків різьби муфти;isCause;Base\Фактор\Концентрація напружень\Нерівномірне навантаження по виткам різьби\Низьке
Base\Фактор\Тертя\На різьбі\Велике;isCause;Base\Фактор\Згвинчуваність\Погана
Base\Фактор\Матеріал\Холодноламкість;isCause;Base\Фактор\Міцність\За статичного навантаження\Низька
Base\Фактор\Геометричні параметри\Розмір\Діаметр зарізьбової канавки\Великий;Not;Base\Фактор\Геометричні параметри\Розмір\Діаметр зарізьбової канавки\Малий
Base\Фактор\Матеріал\Високоміцні сталі болтів\Полірування;isCause;Base\Фактор\Міцність
Base\Фактор\Матеріал\Високоміцні сталі болтів;isCause;Base\Фактор\Геометричні параметри\Допуск форми\Чутливість до перекосу
Base\Фактор\Покриття\Цинкове з хроматуванням;isCause;Base\Фактор\Температура\Робоча температура\Максимальна\300
Base\Фактор\Технологія\Режими обробки\Оптимальні;isCause;Base\Фактор\Залишкові напруження\Стиску
Base\Фактор\Навантаження\Осьове\Розтягу;isCause;Base\Фактор\Пошкодження\Залишкова деформація\Обрив стержня
Base\Фактор\Концентрація напружень;isCause;Base\Фактор\Міцність\За циклічного навантаження\Низька
Base\Фактор\Деталі\Гайка\Гайка розтягу-стиску;isCause;Base\Фактор\Концентрація напружень\Нерівномірне навантаження по виткам різьби\Низьке
Base\Фактор\Пошкодження\Знос\Фретинг-корозійний;SubClassOf;Base\Фактор\Пошкодження\Знос
Base\Фактор\Складання\Контроль затягування\Контроль за видовженням болта;SubClassOf;Base\Фактор\Складання\Контроль затягування
Base\Фактор\Технологія\Метод виготовлення\Піскоструминна обробка;isCause;Base\Фактор\Пошкодження\Крихкий злам\Уповільнене крихке руйнування\Низьке
Base\Фактор\Концентрація напружень;isCause;Base\Фактор\Міцність\За статичного навантаження\Низька
Base\Фактор\Покриття\Срібне;isCause;Base\Фактор\Температура\Робоча температура\Максимальна\600
Base\Фактор\Геометричні параметри\Розмір\Перекриття витків\Велике;isCause;Base\Фактор\Міцність
Base\Фактор\Матеріал\Бериллієві сплави;isCause;Base\Фактор\Матеріал\Чутливість до концентрації напружень
Base\Фактор\Залишкові напруження\Стиску\За високої температури;And;Base\Фактор\Залишкові напруження\Стиску
Base\Фактор\Напруження\Зрізу;isCause;Base\Фактор\Пошкодження\Залишкова деформація\Зріз стержня
Base\Фактор\Конструкційні елементи\Різьба\Фаски\Зріз перших витків різьби муфти;isCause;Base\Фактор\Концентрація напружень\Нерівномірне навантаження по виткам різьби\Низьке
Base\Фактор\Залишкові напруження\Розтягу;isCause;Base\Фактор\Міцність\За циклічного навантаження\Низька
Base\Фактор\Покриття\Кадмієве з хроматуванням;isCause;Base\Фактор\Температура\Робоча температура\Максимальна\200
Base\Фактор\Геометричні параметри\Посадка\Оптимальна;isCause;Base\Фактор\Концентрація напружень\Низька
Base\Фактор\Навантаження\Осьове\Розтягу;Not;Base\Фактор\Навантаження\Осьове\Стиску
Base\Фактор\Покриття\Оксидне анодізаційне з хроматуванням;isCause;Base\Фактор\Температура\Робоча температура\Максимальна\200
Base\Фактор\Навантаження\Тиск;isCause;Base\Фактор\Середовище\Корозійне
Base\Фактор\Геометричні параметри\Розмір\Кут профілю\Малий;isCause;Base\Фактор\Пошкодження\Залишкова деформація\Зріз витків
Base\Фактор\Матеріал\Надвисокоміцні сталі;isCause;Base\Фактор\Матеріал\Пластичність\Низька
Base\Фактор\Навантаження\Зрізаюче;isCause;Base\Фактор\Напруження\Зрізу
Base\Фактор\Матеріал\Протекторний захист;isCause;Base\Фактор\Пошкодження\Корозійна\Низька
Base\Фактор\Матеріал\Високоміцні сталі болтів;isCause;Base\Фактор\Міцність\За циклічного навантаження\Висока
Base\Фактор\Стопоріння\Жорстке;SubClassOf;Base\Фактор\Стопоріння
Base\Фактор\Загальні напрямки підвищення надійності\Вибір оптимальних допусків і шорсткості;isCause;Base\Фактор\Концентрація напружень\Низька
Base\Фактор\Матеріал\Технологічні дефекти матеріалів;isCause;Base\Фактор\Концентрація напружень
Base\Фактор\Пошкодження\Корозійна;isCause;Base\Фактор\Пошкодження\Заїдання
Base\Фактор\Матеріал\Наявність азоту;isCause;Base\Фактор\Матеріал\Крихкість
Base\Фактор\Пошкодження\Втомна тріщина\В першому витку ніпеля;SubClassOf;Base\Фактор\Пошкодження\Втомна тріщина
Base\Фактор\Геометричні параметри\Розмір\Радіус впадин різьби\Збільшення;isCause;Base\Фактор\Пошкодження\Крихкий злам\Уповільнене крихке руйнування\Низьке
Base\Фактор\Навантаження\Температурне;Not;Base\Фактор\Навантаження\Температурне\Зменшення
Base\Фактор\Матеріал\Алюмінієві сплави;isCause;Base\Фактор\Маса\Мала
Base\Фактор\Залишкові напруження\Розтягу;Not;Base\Фактор\Залишкові напруження\Стиску
Base\Фактор\Згвинчуваність\Погана;isCause;Base\Фактор\Пошкодження\Знос
Base\Фактор\Матеріал\Високоміцні сталі болтів\Сталь07Х16Н6;isCause;Base\Фактор\Матеріал\Пластичність\Висока
Base\Фактор\Конструкційні елементи\Різьба\Форма профілю\Упорна;isCause;Base\Фактор\Концентрація напружень\Нерівномірне навантаження по виткам різьби
Base\Фактор\Навантаження\Зрізаюче;isCause;Base\Фактор\Пошкодження\Залишкова деформація\Зріз стержня
Base\Фактор\Геометричні параметри\Розмір\Кут профілю\Великий;isCause;Base\Фактор\Пошкодження\Залишкова деформація\Деформація тіла гайки
Base\Фактор\Розкриття стику;isCause;Base\Фактор\Герметичність\Низька
Base\Фактор\Геометричні параметри\Розмір\Кут профілю\Великий;Not;Base\Фактор\Геометричні параметри\Розмір\Кут профілю\Малий
Base\Фактор\Матеріал\Крихкий поверхневий шар;isCause;Base\Фактор\Пошкодження\Крихкий злам\Уповільнене крихке руйнування
Base\Фактор\Покриття\Корозійностійкі;isCause;Base\Фактор\Пошкодження\Корозійна\Низька
Base\Фактор\Покриття\Срібне;isCause;Base\Фактор\Тертя\На різьбі\Мале
Base\Фактор\Навантаження\Удар;isCause;Base\Фактор\Пошкодження\Від високошвидкісного навантаження
Base\Фактор\Матеріал\Високоміцні сталі болтів\Сталь1Х15Н4АМ3-Ш\Обробка холодом;isCause;Base\Фактор\Матеріал\Чутливість до концентрації напружень\Низька
Base\Фактор\Матеріал\Вуглець у поверхневих шарах\Оптимальний;Not;Base\Фактор\Матеріал\Вуглець у поверхневих шарах\Неоптимальний
Base\Фактор\Конструкційні елементи\Форма головки болта\Двухрадіусна галтель;isCause;Base\Фактор\Концентрація напружень\Під головкою болта\Низька
Base\Фактор\Технологія\Метод виготовлення\Полірування;isCause;Base\Фактор\Пошкодження\Крихкий злам\Уповільнене крихке руйнування\Низьке
Base\Фактор\Матеріал\Насичення атомарним воднем;isCause;Base\Фактор\Матеріал\Крихкість
Base\Фактор\Матеріал\Високоміцні сталі болтів\Накатування;isCause;Base\Фактор\Технологія\Метод виготовлення\Накатування\Стійкість інструмента\Низька
Base\Фактор\Геометричні параметри\Розмір\Крок різьби\Великий;isCause;Base\Фактор\Пошкодження\Залишкова деформація\Зріз витків\Зменшення
Base\Фактор\Конструкційні елементи\Форма головки болта\Оптимальна;isCause;Base\Фактор\Міцність\За циклічного навантаження\Висока
Base\Фактор\Складання\Контроль затягування;isCause;Base\Фактор\Складання\Момент згвинчування\Оптимальний
Base\Фактор\Матеріал\Термообробка\Гартування\Перегрів при гартуванні;isCause;Base\Фактор\Матеріал\Крихкість
Base\Фактор\Температура\Робоча температура\Низька;isCause;Base\Фактор\Матеріал\Холодноламкість
Base\Фактор\Пошкодження\Корозійне розтріскування;SubClassOf;Base\Фактор\Пошкодження
Base\Фактор\Міцність\За статичного навантаження\Висока;Not;Base\Фактор\Міцність\За статичного навантаження\Низька
Base\Фактор\Матеріал\Високоміцні сталі болтів\За високих моментів згвинчування і агресивного середовища;isCause;Base\Фактор\Пошкодження\Корозійне розтріскування
Base\Фактор\Покриття\Багатошарове мідь-нікель, хром;isCause;Base\Фактор\Температура\Робоча температура\Максимальна\600
Base\Фактор\Пошкодження\Розгерметизація;SubClassOf;Base\Фактор\Пошкодження
Base\Фактор\Температура\Робоча температура\Висока;Not;Base\Фактор\Температура\Робоча температура\Низька
Base\Фактор\Геометричні параметри\Розмір\Відношення діаметру до кроку\Велике;isCause;Base\Фактор\Концентрація напружень\Нерівномірне навантаження по виткам різьби
Base\Фактор\Складання\Момент згвинчування\Оптимальний;isCause;Base\Фактор\Міцність\За циклічного навантаження\Висока
Base\Фактор\Геометричні параметри\Допуск форми\Перекос опорних поверхонь\Зменшення;Not;Base\Фактор\Геометричні параметри\Допуск форми\Перекос опорних поверхонь\Великий
Base\Фактор\Матеріал\Жароміцні сплави\Висока робоча температура;isCause;Base\Фактор\Матеріал\Чутливість до концентрації напружень
Base\Фактор\Навантаження\Згинаюче;isCause;Base\Фактор\Напруження\Згину
Base\Фактор\Покриття\Оптимальне;isCause;Base\Фактор\Міцність\За циклічного навантаження\Висока
Base\Фактор\Технологія\Попередній статичний розтяг високоміцних болтів;isCause;Base\Фактор\Міцність\За циклічного навантаження\Висока
Base\Фактор\Пошкодження\Залишкова деформація\Зріз стержня;SubClassOf;Base\Фактор\Пошкодження\Залишкова деформація
Base\Фактор\Покриття\Травлення під час нанесення покриттів;isCause;Base\Фактор\Матеріал\Насичення атомарним воднем
Base\Фактор\Середовище\Корозійне;isCause;Base\Фактор\Пошкодження\Корозійна
Base\Фактор\Маса\Мала;Not;Base\Фактор\Маса\Велика
Base\Фактор\Геометричні параметри\Шорсткість\Висока;isCause;Base\Фактор\Пошкодження\Знос
Base\Фактор\Температура\Робоча температура\Висока;isCause;Base\Фактор\Пошкодження\Заїдання
Base\Фактор\Навантаження\Температурне;isCause;Base\Фактор\Навантаження\Осьове\Розтягу
Base\Фактор\Матеріал\Вуглець у поверхневих шарах\Неоптимальний;isCause;Base\Фактор\Міцність\За циклічного навантаження\Низька
Base\Фактор\Залишкові напруження\Стиску\За високої температури;isCause;Base\Фактор\Міцність\За циклічного навантаження\Низька
Base\Фактор\Пошкодження\Корозійна;isCause;Base\Фактор\Герметичність\Низька
Base\Фактор\Матеріал\Кремнієві сталі;isCause;Base\Фактор\Пошкодження\Заїдання\Зменшення
Base\Фактор\Матеріал\Термообробка\Хіміко-термічна обробка;SubClassOf;Base\Фактор\Матеріал\Термообробка
Base\Фактор\Рухомість з'єднання;Not;Base\Фактор\Рухомість з'єднання\Низька
Base\Фактор\Температура\Робоча температура\Висока;isCause;Base\Фактор\Міцність\За циклічного навантаження\Низька
Base\Фактор\Геометричні параметри\Шорсткість\Висока;isCause;Base\Фактор\Пошкодження\Корозійна
Base\Фактор\Конструкційні елементи\Різьба\Розтиск перших витків різьби муфти;isCause;Base\Фактор\Концентрація напружень\Нерівномірне навантаження по виткам різьби\Низьке
Base\Фактор\Стопоріння;isCause;Base\Фактор\Пошкодження\Самовідгвинчування\Зменшення
Base\Фактор\Матеріал\Чутливість до концентрації напружень;isCause;Base\Фактор\Концентрація напружень
Base\Фактор\Загальні напрямки підвищення надійності\Попередження самовідгвинчування;isCause;Base\Фактор\Пошкодження\Самовідгвинчування\Зменшення
Base\Фактор\Конструкційні елементи\Зарізьбова канавка;isCause;Base\Фактор\Міцність\За циклічного навантаження\Висока
Base\Фактор\Геометричні параметри\Шорсткість\Низька;Not;Base\Фактор\Геометричні параметри\Шорсткість\Висока
Base\Фактор\Матеріал\Наявність фосфору;isCause;Base\Фактор\Матеріал\Крихкість
Base\Фактор\Покриття\Олов'яне;isCause;Base\Фактор\Тертя\На різьбі\Мале
Base\Фактор\Залишкові напруження\Стиску\За високої температури;And;Base\Фактор\Температура\Робоча температура\Висока
Base\Фактор\Пошкодження\Знос;isCause;Base\Фактор\Герметичність\Низька
Base\Фактор\Конструкційні елементи\Різьба\Збіг;isCause;Base\Фактор\Міцність\За циклічного навантаження\Низька
Base\Фактор\Матеріал\Бесемерівська сталь;isCause;Base\Фактор\Матеріал\Наявність азоту
Base\Фактор\Геометричні параметри\Допуск форми\Чутливість до перекосу;Not;Base\Фактор\Геометричні параметри\Допуск форми\Нечутливість до перекосу
Base\Фактор\Складання\Згвинчування в нагрітому стані;isCause;Base\Фактор\Геометричні параметри\Посадка\З натягом
Base\Фактор\Геометричні параметри\Шорсткість\Низька\Леговані сталі;isCause;Base\Фактор\Концентрація напружень\Низька
Base\Фактор\Геометричні параметри\Посадка\Оптимальна;isCause;Base\Фактор\Міцність\За циклічного навантаження\Висока
Base\Фактор\Матеріал\Повзучість;isCause;Base\Фактор\Пошкодження\Залишкова деформація
Base\Фактор\Пошкодження\Втомна тріщина\Під головкою болта;SubClassOf;Base\Фактор\Пошкодження\Втомна тріщина
Base\Фактор\Матеріал\Бериллієві сплави;isCause;Base\Фактор\Матеріал\Алюмінієві сплави\Гайки
Base\Фактор\Концентрація напружень;isCause;Base\Фактор\Пошкодження\Крихкий злам\Уповільнене крихке руйнування
Base\Фактор\Матеріал\Корозійностійкі матеріали;isCause;Base\Фактор\Пошкодження\Корозійна\Низька
Base\Фактор\Покриття;isCause;Base\Фактор\Пошкодження\Заїдання\Зменшення
Base\Фактор\Пошкодження\Самовідгвинчування;SubClassOf;Base\Фактор\Пошкодження
Base\Фактор\Жорсткість\З'єднуваних деталей;Not;Base\Фактор\Жорсткість\З'єднуваних деталей\Мала
Base\Фактор\Тертя\На різьбі\Велике;Not;Base\Фактор\Тертя\На різьбі\Мале
Base\Фактор\Матеріал\Високоміцні сталі болтів;isCause;Base\Фактор\Пошкодження\Залишкова деформація\Зріз стержня\Зменшення
Base\Фактор\Розкриття стику;isCause;Base\Фактор\Міцність\За циклічного навантаження\Низька
Base\Фактор\Деталі\З'єднувані деталі\Мала кількість;isCause;Base\Фактор\Пошкодження\Самовідгвинчування\Зменшення
Base\Фактор\Матеріал\Пластичність\Низька;isCause;Base\Фактор\Матеріал\Чутливість до концентрації напружень
Base\Фактор\Деталі\Шайба\Сферична;isCause;Base\Фактор\Напруження\Згину\Зменшення
Base\Фактор\Геометричні параметри\Розмір\Діаметр зарізьбової канавки\Великий;isCause;Base\Фактор\Міцність\За циклічного навантаження\Низька
Base\Фактор\Напруження\Кручення;Not;Base\Фактор\Напруження\Кручення\Зменшення
Base\Фактор\Змащення;isCause;Base\Фактор\Пошкодження\Заїдання\Зменшення
Base\Фактор\Деталі\Шайба\З низьковуглецевої сталі;isCause;Base\Фактор\Геометричні параметри\Допуск форми\Перекос опорних поверхонь\Зменшення
Base\Фактор\Концентрація напружень;Not;Base\Фактор\Концентрація напружень\Низька
Base\Фактор\Напруження\Розтягу\Болта;isCause;Base\Фактор\Пошкодження\Крихкий злам\Уповільнене крихке руйнування
Base\Фактор\Матеріал\Високоміцні сталі болтів\Границя міцності\1100-1600;isCause;Base\Фактор\Міцність\За осьового навантаження
Base\Фактор\Матеріал\Титанові сплави;isCause;Base\Фактор\Геометричні параметри\Допуск форми\Нечутливість до перекосу
Base\Фактор\Конструкційні елементи\Різьба\Форма профілю\Упорна;isCause;Base\Фактор\Пошкодження\Залишкова деформація\Деформація тіла гайки\Зменшення
Base\Фактор\Складання\Контргайка затянута великим моментом;isCause;Base\Фактор\Концентрація напружень\Нерівномірне навантаження по виткам різьби\Низьке
Base\Фактор\Матеріал\Термообробка\Хіміко-термічна обробка\Азотування\Високий момент згвинчування;isCause;Base\Фактор\Пошкодження\Крихкий злам
Base\Фактор\Температура\Робоча температура\Висока;isCause;Base\Фактор\Навантаження\Температурне
Base\Фактор\Пошкодження\Залишкова деформація;isCause;Base\Фактор\Пошкодження\Самовідгвинчування
Base\Фактор\Покриття\Свинцеве;isCause;Base\Фактор\Тертя\На різьбі\Мале
Base\Фактор\Покриття\Багатошарове мідь-нікель;isCause;Base\Фактор\Температура\Робоча температура\Максимальна\600
Base\Фактор\Навантаження\Крутне\Догвинчування;isCause;Base\Фактор\Пошкодження\Самовідгвинчування\Зменшення
Base\Фактор\Змащення;isCause;Base\Фактор\Загальні напрямки підвищення надійності\Зменшення механічного спрацювання витків
Base\Фактор\Навантаження\Швидкісне\Низьковуглецева сталь;isCause;Base\Фактор\Міцність
Base\Фактор\Матеріал\Високоміцні сталі болтів\Сталь07Х16Н6;isCause;Base\Фактор\Температура\Робоча температура\Мінімальна\-196
Base\Фактор\Покриття\Нікелеве;isCause;Base\Фактор\Тертя\Зміна коефіцієнта тертя під час повторних згвинчуваннях\Збільшується
Base\Фактор\Середовище\Корозійне;isCause;Base\Фактор\Пошкодження\Корозійне розтріскування
Base\Фактор\Міцність\За циклічного навантаження\Низька;isCause;Base\Фактор\Пошкодження\Втомна тріщина
Base\Фактор\Геометричні параметри\Посадка\З зазором\Зменшення діаметральних зазорів;isCause;Base\Фактор\Міцність\За циклічного навантаження\Висока
Base\Фактор\Конструкційні елементи\Різьба\Крок\Неоднаковий крок\Зменшення кроку болта;isCause;Base\Фактор\Концентрація напружень\Нерівномірне навантаження по виткам різьби\Низьке
Base\Фактор\Концентрація напружень\Під головкою болта;Not;Base\Фактор\Концентрація напружень\Під головкою болта\Низька
Base\Фактор\Масштабний фактор\Великі розміри;Not;Base\Фактор\Масштабний фактор\Малі розміри
Base\Фактор\Жорсткість\Болта;isCause;Base\Фактор\Напруження\Розтягу\Болта
Base\Фактор\Пошкодження\Заїдання;isCause;Base\Фактор\Пошкодження\Знос
Base\Фактор\Технологія\Режими обробки\Оптимальні;isCause;Base\Фактор\Геометричні параметри\Допуск розміру\Малий
Base\Фактор\Матеріал\Крихкість;isCause;Base\Фактор\Пошкодження\Крихкий злам
Base\Фактор\Геометричні параметри\Шорсткість\Низька\Леговані сталі;isCause;Base\Фактор\Міцність\За циклічного навантаження\Висока
Base\Фактор\Пошкодження\Корозійна;isCause;Base\Фактор\Пошкодження\Знос
Base\Фактор\Пошкодження\Крихкий злам;SubClassOf;Base\Фактор\Пошкодження
Base\Фактор\Пошкодження при транспортуванні;isCause;Base\Фактор\Концентрація напружень
Base\Фактор\Залишкові напруження\Розтягу\Чутливість;isCause;Base\Фактор\Міцність\За циклічного навантаження\Низька
Base\Фактор\Матеріал\Високоміцні сталі болтів\За високих моментів згвинчування і агресивного середовища;And;Base\Фактор\Матеріал\Вуглець фосфор азот на границях зерен
Base\Фактор\Складання\Контроль затягування\Контроль за кутом повороту;SubClassOf;Base\Фактор\Складання\Контроль затягування
Base\Фактор\Матеріал\Корозійностійкі матеріали\Сталі;SubClassOf;Base\Фактор\Матеріал\Корозійностійкі матеріали
Base\Фактор\Пошкодження\Втомна тріщина;isCause;Base\Фактор\Пошкодження\Корозійна
Base\Фактор\Геометричні параметри\Посадка\З натягом;isCause;Base\Фактор\Рухомість з'єднання\Низька
Base\Фактор\Середовище\Корозійне;isCause;Base\Фактор\Міцність\За циклічного навантаження\Низька
Base\Фактор\Концентрація напружень\Нерівномірне навантаження по виткам різьби;isCause;Base\Фактор\Пошкодження\Втомна тріщина\В першому витку ніпеля
Base\Фактор\Матеріал\Алюмінієві сплави\Гайки;isCause;Base\Фактор\Концентрація напружень\Нерівномірне навантаження по виткам різьби\Низьке
Base\Фактор\Напруження\Згину;isCause;Base\Фактор\Пошкодження\Втомна тріщина
Base\Фактор\Складання\Момент згвинчування\Неоптимальний;isCause;Base\Фактор\Пошкодження\Втомна тріщина
Base\Фактор\Загальні напрямки підвищення надійності\Підбір матеріалів і термообробки;isCause;Base\Фактор\Міцність
Base\Фактор\Конструкційні елементи\Різьба\Крок\Неоднаковий крок\Збільшення кроку гайки;isCause;Base\Фактор\Концентрація напружень\Нерівномірне навантаження по виткам різьби\Низьке
Base\Фактор\Покриття\Пластичне;isCause;Base\Фактор\Концентрація напружень\Нерівномірне навантаження по виткам різьби\Низьке
Base\Фактор\Навантаження\Вібрація;isCause;Base\Фактор\Пошкодження\Самовідгвинчування
Base\Фактор\Пошкодження\Від високошвидкісного навантаження;SubClassOf;Base\Фактор\Пошкодження
Base\Фактор\Матеріал\Холодноламкість;Not;Base\Фактор\Матеріал\Холодноламкість\Низька
Base\Фактор\Конструкційні елементи\Зарізьбова канавка;isCause;Base\Фактор\Міцність\За статичного навантаження\Низька
Base\Фактор\Матеріал\Газонасочений шар;isCause;Base\Фактор\Пошкодження\Крихкий злам\Уповільнене крихке руйнування
Base\Фактор\Покриття\Електрохімічна обробка;isCause;Base\Фактор\Матеріал\Насичення атомарним воднем
Base\Фактор\Деталі\Болт\Болт під розвертку;isCause;Base\Фактор\Напруження\Зрізу\Зменшення
Base\Фактор\Матеріал\Високоміцні сталі болтів\Сталь1Х15Н4АМ3-Ш;isCause;Base\Фактор\Матеріал\Холодноламкість\Низька
Base\Фактор\Температура\Робоча температура\Низька;isCause;Base\Фактор\Матеріал\Пластичність\Низька
Base\Фактор\Матеріал\Високоміцні сталі болтів\Границя міцності\1100-1400;isCause;Base\Фактор\Температура\Робоча температура\Максимальна\400
Base\Фактор\Пошкодження\Корозійне розтріскування;isCause;Base\Фактор\Міцність\За статичного навантаження\Низька
Base\Фактор\Матеріал\Високоміцні сталі болтів\Сталь1Х15Н4АМ3-Ш;isCause;Base\Фактор\Міцність\За циклічного навантаження\Висока
Base\Фактор\Покриття\Зносостійкі;isCause;Base\Фактор\Загальні напрямки підвищення надійності\Захист від механічного спрацювання деталей
Base\Фактор\Пошкодження\Знос\Втомний;SubClassOf;Base\Фактор\Пошкодження\Знос
Base\Фактор\Тертя\На упорному бурті\Мале;isCause;Base\Фактор\Згвинчуваність\Добра
Base\Фактор\Навантаження\Крутне;isCause;Base\Фактор\Напруження\Кручення
Base\Фактор\Геометричні параметри\Допуск форми\Перекос опорних поверхонь\Високоміцних сталей;isCause;Base\Фактор\Міцність\За циклічного навантаження\Низька
Base\Фактор\Геометричні параметри\Розмір\Кут профілю\Малий;isCause;Base\Фактор\Концентрація напружень\Нерівномірне навантаження по виткам різьби\Низьке
Base\Фактор\Геометричні параметри\Допуск форми\Перекос опорних поверхонь;isCause;Base\Фактор\Напруження\Згину
Base\Фактор\Змащення;isCause;Base\Фактор\Тертя\На упорному бурті\Мале
Base\Фактор\Конструкційні елементи\Різьба\Змінний середній діаметр різьби гайки;isCause;Base\Фактор\Концентрація напружень\Нерівномірне навантаження по виткам різьби\Низьке
Base\Фактор\Пошкодження\Заїдання;isCause;Base\Фактор\Тертя\На різьбі\Велике
Base\Фактор\Пошкодження\Залишкова деформація\Обрив стержня;SubClassOf;Base\Фактор\Пошкодження\Залишкова деформація
Base\Фактор\Загальні напрямки підвищення надійності\Захист при транспортуванні;isCause;Base\Фактор\Пошкодження при транспортуванні\Зменшення
Base\Фактор\Матеріал\Термообробка\Відпуск\Недостатній після гартування;isCause;Base\Фактор\Матеріал\Крихкість
Base\Фактор\Конструкційні елементи\Різьба\Асиметрична різьба;isCause;Base\Фактор\Концентрація напружень\Нерівномірне навантаження по виткам різьби\Низьке
Base\Фактор\Матеріал\Старіння сталі;isCause;Base\Фактор\Матеріал\Пластичність\Низька
Base\Фактор\Конструкційні елементи\Різьба\Розтиск останніх витків різьби ніпеля;isCause;Base\Фактор\Концентрація напружень\Нерівномірне навантаження по виткам різьби\Низьке
Base\Фактор\Технологія\Технологічні дефекти;isCause;Base\Фактор\Концентрація напружень
Base\Фактор\Складання\Контроль затягування\Контроль за моментом згвинчування;SubClassOf;Base\Фактор\Складання\Контроль затягування
Base\Фактор\Складання\Фіксація болта при згвинчуванні;isCause;Base\Фактор\Напруження\Кручення\Зменшення
Base\Фактор\Технологія\Режими обробки\Оптимальні;isCause;Base\Фактор\Міцність
Base\Фактор\Тертя\На різьбі\Мале;isCause;Base\Фактор\Згвинчуваність\Добра
Base\Фактор\Згвинчуваність\Погана;isCause;Base\Фактор\Напруження\Кручення
Base\Фактор\Загальні напрямки підвищення надійності\Захист від середовища;isCause;Base\Фактор\Середовище\Корозійне\Захист
Base\Фактор\Пошкодження\Корозійна;isCause;Base\Фактор\Міцність\Низька
Base\Фактор\Конструкційні елементи\Гайка з осьовими прорізями;isCause;Base\Фактор\Концентрація напружень\Нерівномірне навантаження по виткам різьби\Низьке
Base\Фактор\Загальні напрямки підвищення надійності\Захист від корозійного руйнування;isCause;Base\Фактор\Пошкодження\Корозійна\Низька
Base\Фактор\Покриття\Нікелеве;isCause;Base\Фактор\Температура\Робоча температура\Максимальна\900
Base\Фактор\Геометричні параметри\Розмір\Товщина гайки\Мала;isCause;Base\Фактор\Конструкційні елементи\Різьба\Форма профілю\Упорна
Base\Фактор\Згвинчуваність\Погана;Not;Base\Фактор\Згвинчуваність\Добра
Base\Фактор\Конструкційні елементи\Центруючі елементи;isCause;Base\Фактор\Напруження\Згину\Зменшення
Base\Фактор\Матеріал\Титанові сплави;isCause;Base\Фактор\Тертя\На різьбі\Велике
Base\Фактор\Покриття\Оксидне;isCause;Base\Фактор\Температура\Робоча температура\Максимальна\200
Base\Фактор\Матеріал\Матеріали з метастабільною структурою і малою пластичністю;isCause;Base\Фактор\Матеріал\Пластичність\Низька
Base\Фактор\Геометричні параметри\Розмір\Діаметр різьби\Великий;isCause;Base\Фактор\Пошкодження\Залишкова деформація\Зріз витків\Зменшення
Base\Фактор\Деталі\Гвинтова вставка;isCause;Base\Фактор\Концентрація напружень\Нерівномірне навантаження по виткам різьби\Низьке
Base\Фактор\Пошкодження\Корозійна\Низька;Not;Base\Фактор\Пошкодження\Корозійна
Base\Фактор\Геометричні параметри\Розмір\Діаметр зарізьбової канавки\Великий;isCause;Base\Фактор\Міцність\За статичного навантаження\Висока
Base\Фактор\Температура\Температура за залишкових напруженнях стиску\Висока;isCause;Base\Фактор\Міцність\За циклічного навантаження\Низька
Base\Фактор\Пошкодження при транспортуванні;Not;Base\Фактор\Пошкодження при транспортуванні\Зменшення
Base\Фактор\Навантаження\Згинаюче;isCause;Base\Фактор\Пошкодження\Втомна тріщина
Base\Фактор\Матеріал\Пластмасси;isCause;Base\Фактор\Матеріал\Корозійностійкі матеріали
Base\Фактор\Матеріал\Титанові сплави;isCause;Base\Фактор\Маса\Мала
Base\Фактор\Матеріал\Титанові сплави;isCause;Base\Фактор\Пошкодження\Крихкий злам\Уповільнене крихке руйнування\Низьке
Base\Фактор\Загальні напрямки підвищення надійності\Запобігання розгерметизації;isCause;Base\Фактор\Герметичність
Base\Фактор\Геометричні параметри\Розмір\Типорозмір різьби\Великий;Not;Base\Фактор\Геометричні параметри\Розмір\Типорозмір різьби\Малий
Base\Фактор\Технологія\Метод виготовлення\Обкатування після нарізання;isCause;Base\Фактор\Залишкові напруження\Стиску
Base\Фактор\Пошкодження\Заїдання;Not;Base\Фактор\Пошкодження\Заїдання\Зменшення
Base\Фактор\Геометричні параметри\Допуск розміру\Великий;isCause;Base\Фактор\Геометричні параметри\Посадка\З зазором
Base\Фактор\Рухомість з'єднання;isCause;Base\Фактор\Пошкодження\Самовідгвинчування
Base\Фактор\Пошкодження\Корозійна;isCause;Base\Фактор\Концентрація напружень
Base\Фактор\Навантаження\Згинаюче;isCause;Base\Фактор\Герметичність\Низька
Base\Фактор\Матеріал\Насичення атомарним воднем;isCause;Base\Фактор\Пошкодження\Крихкий злам\Уповільнене крихке руйнування
Base\Фактор\Конструкційні елементи\Розташування різьбової частини болта\Різьба болта утоплена в гайку;isCause;Base\Фактор\Концентрація напружень\Нерівномірне навантаження по виткам різьби\Низьке
Base\Фактор\Складання\Момент згвинчування\Неоптимальний\Великий;isCause;Base\Фактор\Герметичність
Base\Фактор\Матеріал\Високоміцні сталі болтів;isCause;Base\Фактор\Пошкодження\Корозійне розтріскування
Base\Фактор\Жорсткість\З'єднуваних деталей\Мала;isCause;Base\Фактор\Пошкодження\Крихкий злам\Уповільнене крихке руйнування
Base\Фактор\Концентрація напружень\Під головкою болта;SubClassOf;Base\Фактор\Концентрація напружень
Base\Фактор\Пошкодження\Залишкова деформація\Зріз стержня;Not;Base\Фактор\Пошкодження\Залишкова деформація\Зріз стержня\Зменшення
Base\Фактор\Матеріал\Бериллієві сплави;isCause;Base\Фактор\Пошкодження\Корозійна\Низька
Base\Фактор\Складання\Тертя при згвинчуванні;isCause;Base\Фактор\Складання\Момент згвинчування\Неоптимальний\Великий
Base\Фактор\Матеріал\Титанові сплави;isCause;Base\Фактор\Матеріал\Чутливість до концентрації напружень
Base\Фактор\Матеріал\Високоміцні сталі болтів\Зарізьбова канавка;isCause;Base\Фактор\Міцність
Base\Фактор\Жорсткість\З'єднуваних деталей;isCause;Base\Фактор\Напруження\Розтягу\Болта\Зменшення
Base\Фактор\Геометричні параметри\Розмір\Крок різьби\Оптимальний;isCause;Base\Фактор\Міцність\За циклічного навантаження\Висока
Base\Фактор\Навантаження\Осьове\Розтягу;isCause;Base\Фактор\Напруження\Розтягу
Base\Фактор\Деталі\Шайба\Пружинна;isCause;Base\Фактор\Пошкодження\Самовідгвинчування\Зменшення
Base\Фактор\Навантаження\Крутне\Догвинчування;isCause;Base\Фактор\Пошкодження\Залишкова деформація\Зріз витків
Base\Фактор\Матеріал\Пластмасси;isCause;Base\Фактор\Герметичність
Base\Фактор\Міцність\Низька;Not;Base\Фактор\Міцність
Base\Фактор\Геометричні параметри\Шорсткість\Висока;isCause;Base\Фактор\Концентрація напружень
Base\Фактор\Складання\Момент згвинчування\Неоптимальний\Великий;isCause;Base\Фактор\Міцність\За циклічного навантаження\Висока
Base\Фактор\Навантаження\Осьове\Розтягу;isCause;Base\Фактор\Пошкодження\Залишкова деформація\Зріз витків
Base\Фактор\Покриття\Фосфатне;isCause;Base\Фактор\Покриття\Травлення під час нанесення покриттів
Base\Фактор\Геометричні параметри\Розмір\Довжина гайки\Велика;isCause;Base\Фактор\Пошкодження\Залишкова деформація\Зріз витків\Зменшення
Base\Фактор\Пошкодження\Заїдання;isCause;Base\Фактор\Тертя\На упорному бурті\Велике
Base\Фактор\Технологія\Метод виготовлення\Накатування;isCause;Base\Фактор\Залишкові напруження\Стиску
Base\Фактор\Складання\Момент згвинчування\Оптимальний;Not;Base\Фактор\Складання\Момент згвинчування\Неоптимальний
Base\Фактор\Конструкційні елементи\Різьба\Форма профілю\Трикутна;isCause;Base\Фактор\Пошкодження\Залишкова деформація\Деформація тіла гайки
Base\Фактор\Геометричні параметри\Розмір\Товщина гайки\Велика;isCause;Base\Фактор\Концентрація напружень\Нерівномірне навантаження по виткам різьби\Низьке
Base\Фактор\Міцність\За циклічного навантаження\Висока;Not;Base\Фактор\Міцність\За циклічного навантаження\Низька
Base\Фактор\Міцність\За осьового навантаження;SubClassOf;Base\Фактор\Міцність
Base\Фактор\Пошкодження\Крихкий злам\Уповільнене крихке руйнування\Низьке;Not;Base\Фактор\Пошкодження\Крихкий злам\Уповільнене крихке руйнування
Base\Фактор\Матеріал\Пластичність\Низька;isCause;Base\Фактор\Пошкодження\Крихкий злам\Уповільнене крихке руйнування
Base\Фактор\Пошкодження\Знос\Механохімічний;SubClassOf;Base\Фактор\Пошкодження\Знос
Base\Фактор\Геометричні параметри\Розмір\Довжина головки болта\Велика;isCause;Base\Фактор\Концентрація напружень\Під головкою болта\Низька
Base\Фактор\Матеріал\Жароміцні сплави\Висока робоча температура;isCause;Base\Фактор\Геометричні параметри\Допуск форми\Чутливість до перекосу
Base\Фактор\Геометричні параметри\Шорсткість\Низька;isCause;Base\Фактор\Концентрація напружень\Низька
Base\Фактор\Конструкційні елементи\Герметизуючі елементи;isCause;Base\Фактор\Герметичність
Base\Фактор\Температура\Робоча температура\Висока;isCause;Base\Фактор\Матеріал\Чутливість до концентрації напружень
Base\Фактор\Геометричні параметри\Посадка\З зазором\Зменшення діаметральних зазорів;isCause;Base\Фактор\Концентрація напружень\Низька
Base\Фактор\Геометричні параметри\Допуск форми\Перекос осей;isCause;Base\Фактор\Напруження\Згину
Base\Фактор\Складання\Момент згвинчування\Неоптимальний\Великий;isCause;Base\Фактор\Пошкодження\Залишкова деформація
Base\Фактор\Пошкодження\Залишкова деформація\Зріз витків;SubClassOf;Base\Фактор\Пошкодження\Залишкова деформація
Base\Фактор\Матеріал\Титанові сплави;isCause;Base\Фактор\Пошкодження\Крихкий злам\Уповільнене крихке руйнування
Base\Фактор\Тертя\Зміна коефіцієнта тертя під час повторних згвинчуваннях\Збільшується;Not;Base\Фактор\Тертя\Зміна коефіцієнта тертя під час повторних згвинчуваннях\Зменшується
Base\Фактор\Технологія\Метод виготовлення\Накатування;isCause;Base\Фактор\Пошкодження\Крихкий злам\Уповільнене крихке руйнування\Низьке
Base\Фактор\Складання\Уникнення перекосів;isCause;Base\Фактор\Геометричні параметри\Допуск форми\Перекос осей\Малий
Base\Фактор\Матеріал\Титанові сплави;isCause;Base\Фактор\Матеріал\Корозійностійкі матеріали
Base\Фактор\Навантаження\Крутне\Розгвинчування;SubClassOf;Base\Фактор\Навантаження\Крутне
Base\Фактор\Загальні напрямки підвищення надійності\Захист від механічного спрацювання деталей;isCause;Base\Фактор\Пошкодження\Знос\Зменшення
Base\Фактор\Загальні напрямки підвищення надійності\Захист від корозійно-втомного і статичного руйнування;isCause;Base\Фактор\Міцність
Base\Фактор\Змащення;isCause;Base\Фактор\Тертя\На різьбі\Мале
Base\Фактор\Залишкові напруження\Стиску;isCause;Base\Фактор\Міцність\За циклічного навантаження\Висока
Base\Фактор\Напруження\Розтягу\Болта;Not;Base\Фактор\Напруження\Розтягу\Болта\Зменшення
Base\Фактор\Концентрація напружень\Нерівномірне навантаження по виткам різьби;isCause;Base\Фактор\Концентрація напружень
Base\Фактор\Пошкодження\Залишкова деформація\Деформація тіла гайки;Not;Base\Фактор\Пошкодження\Залишкова деформація\Деформація тіла гайки\Зменшення
Base\Фактор\Матеріал\Корозійностійкі матеріали\Сталі;isCause;Base\Фактор\Пошкодження\Заїдання
Base\Фактор\Матеріал\Титанові сплави;isCause;Base\Фактор\Міцність\За зрізуючого навантаження
Base\Фактор\Тертя\На упорному бурті\Велике;isCause;Base\Фактор\Пошкодження\Заїдання
Base\Фактор\Матеріал\Бериллієві сплави;isCause;Base\Фактор\Маса\Мала
Base\Фактор\Герметичність;isCause;Base\Фактор\Середовище\Корозійне\Захист
Base\Фактор\Геометричні параметри\Посадка\Перехідна;isCause;Base\Фактор\Рухомість з'єднання\Низька
Base\Фактор\Навантаження\Циклічне;isCause;Base\Фактор\Пошкодження\Втомна тріщина
Base\Фактор\Матеріал\Термообробка\Відпуск;SubClassOf;Base\Фактор\Матеріал\Термообробка
Base\Фактор\Змащення\Відсутність;Not;Base\Фактор\Змащення
Base\Фактор\Геометричні параметри\Посадка\З зазором;isCause;Base\Фактор\Рухомість з'єднання
Base\Фактор\Складання\Очищення різьби;isCause;Base\Фактор\Тертя\На різьбі\Мале
Base\Фактор\Покриття\Цинкове;isCause;Base\Фактор\Покриття\Електрохімічна обробка
Base\Фактор\Матеріал\Високоміцні сталі болтів\Сталь07Х16Н6;isCause;Base\Фактор\Міцність\За циклічного навантаження\Висока
Base\Фактор\Покриття\Мідне;isCause;Base\Фактор\Температура\Робоча температура\Максимальна\600
Base\Фактор\Геометричні параметри\Посадка\З натягом;isCause;Base\Фактор\Складання\Момент згвинчування\Неоптимальний\Великий
Base\Фактор\Матеріал\Співвідношення матеріалів\Неоптимальне;isCause;Base\Фактор\Пошкодження\Заїдання
Base\Фактор\Матеріал\Високоміцні сталі болтів;isCause;Base\Фактор\Матеріал\Пластичність\Низька
Base\Фактор\Геометричні параметри\Допуск розміру\Малий;isEffect;Base\Фактор\Складання\Селекційне складання
Base\Фактор\Геометричні параметри\Шорсткість\Низька;isCause;Base\Фактор\Пошкодження\Самовідгвинчування\Зменшення
Base\Фактор\Конструкційні елементи\Опорні поверхні\Сферичні;isCause;Base\Фактор\Напруження\Згину\Зменшення
Base\Фактор\Геометричні параметри\Допуск форми\Чутливість до перекосу;isCause;Base\Фактор\Міцність\За циклічного навантаження\Низька
Base\Фактор\Пошкодження\Самовідгвинчування\Зменшення;Not;Base\Фактор\Пошкодження\Самовідгвинчування
Base\Фактор\Матеріал\Надвисокоміцні сталі;isCause;Base\Фактор\Пошкодження\Залишкова деформація\Зріз стержня\Зменшення
Base\Фактор\Матеріал\Термообробка\В захисній атмосфері;isCause;Base\Фактор\Матеріал\Вуглець у поверхневих шарах\Зменшення
Base\Фактор\Матеріал\Високоміцні сталі болтів\За високих моментів згвинчування і агресивного середовища;And;Base\Фактор\Складання\Момент згвинчування\Неоптимальний\Великий
Base\Фактор\Геометричні параметри\Допуск форми\Перекос опорних поверхонь;isCause;Base\Фактор\Пошкодження\Крихкий злам\Уповільнене крихке руйнування
Base\Фактор\Матеріал\Чутливість до концентрації напружень;Not;Base\Фактор\Матеріал\Чутливість до концентрації напружень\Низька
Base\Фактор\Матеріал\Старіння сталі\Низьковуглецевої;isCause;Base\Фактор\Міцність
Base\Фактор\Геометричні параметри\Розмір\Довжина зарізьбової канавки\Велика;isCause;Base\Фактор\Жорсткість\Болта\Мала
Base\Фактор\Матеріал\Високоміцні сталі болтів;isCause;Base\Фактор\Температура\Робоча температура\Висока
Base\Фактор\Геометричні параметри\Розмір\Довжина гайки\Велика;isCause;Base\Фактор\Концентрація напружень\Нерівномірне навантаження по виткам різьби\Низьке
Base\Фактор\Герметичність\Низька;isCause;Base\Фактор\Пошкодження\Розгерметизація
Base\Фактор\Геометричні параметри\Розмір\Радіус впадин різьби\Збільшення;isCause;Base\Фактор\Концентрація напружень\Низька
Base\Фактор\Складання\Момент згвинчування\Неоптимальний\Малий;isCause;Base\Фактор\Пошкодження\Самовідгвинчування
Base\Фактор\Матеріал\Високоміцні сталі болтів\За високих моментів згвинчування і агресивного середовища;And;Base\Фактор\Середовище\Корозійне
Base\Фактор\Матеріал\Пластмасси;isCause;Base\Фактор\Матеріал\Электричний опір\Великий
Base\Фактор\Стопоріння\Клеєм;SubClassOf;Base\Фактор\Стопоріння
Base\Фактор\Матеріал\Пластичність\Висока\Гайки;isCause;Base\Фактор\Концентрація напружень\Нерівномірне навантаження по виткам різьби\Низьке
Base\Фактор\Матеріал\Співвідношення матеріалів\Пластична гайка;isCause;Base\Фактор\Концентрація напружень\Нерівномірне навантаження по виткам різьби\Низьке
Base\Фактор\Деталі\Гвинтова вставка;isCause;Base\Фактор\Загальні напрямки підвищення надійності\Зменшення механічного спрацювання витків
Base\Фактор\Міцність\За зрізуючого навантаження;isCause;Base\Фактор\Пошкодження\Залишкова деформація\Зріз стержня\Зменшення
Base\Фактор\Пошкодження\Знос;isCause;Base\Фактор\Пошкодження\Залишкова деформація\Зріз витків
